"Neuroepithelial cells","Radial glia","Intermediate progenitors","Mature neurons","Excitatory neurons","Inhibitory neurons","Astrocytes","Microglia","Oligodendrocytes","OPCs","Endothelial","Dividing"
"Nes","Abat","Eomes","Neurod6","Igfn1","Dlx1","1110054m08Rik","Apbb1ip","Plekhb1","Pdgfra","Au021092","Mcm5"
"Notch1","Acsbg1","Tbr2","Glra2","Vwa3a","Dlx6","2610017i09Rik","Aif1","Gjb1","C1ql1","Adgrl4","Pcna"
"Sox10","Akap12",NA,"Rpl10","Otof","Erbb4","2610100l16Rik","Tyrobp","Ppp1r14a","Lhfpl3","Cldn5","Tyms"
"Cdh1","Apbb2",NA,"Prdm8","Hkdc1","Btbd11","2900052n01Rik","C3","Mbl2","Vxn","Nostrin","Fen1"
"Hmga2","Arap2",NA,"Sepsecs","Ptgs2","Myl1","9630001p10Rik","Cd74","Aspa","Megf11","Icam2","Mcm2"
"Ccnd1","Atp1a2",NA,"Crh","Clec18a","Ankrd55","Aass","C1qb","Mog","Pcdh15","Slco1a4","Mcm4"
NA,"Axl",NA,"Gabrg2","Kcnh4","Cenpa","Abcb9","Laptm5","Ndrg1","Lrrtm3","Flt1","Rrm1"
NA,"Bmp7",NA,"Htr2c","Exph5","Slc32a1","Abhd1","Alox5ap","Mal","Cspg4","Slc38a5","Ung"
NA,"Bmpr1b",NA,"Hs3st2","Kcnv1","Dusp10","Acadvl","Slco1b1","Opalin","Gria3","Tek","Gins2"
NA,"Brca1",NA,"Mal2","Slc24a4","Slc6a1","Acot11","Rgs10","Gsn","Dll3","E030010a14Rik","Mcm6"
NA,"C8orf4",NA,"9130024f11Rik","Plxnd1","Kcnip1","Acsbg1","Ly86","Adss1","Nxph1","Apold1","Cdca7"
NA,"Carhsp1",NA,"Necab1","Fxyd5","Sdsl","Acsl3","Hla-dra","Pdlim2","Cacng4","Aplnr","Dtl"
NA,"Cdca7l",NA,"Stmn2","Ntn5","Kcnmb3","Acsl6","Hcls1","Trp53inp2","Brinp3","Emcn","Prim1"
NA,"Cdk6",NA,"Gabra5","Palmd","Uba2","Acss1","Csf1r","Gpr62","Smoc1","Abcb1a","Uhrf1"
NA,"Cdon",NA,"Nts","Neurod1","Vwc2","Acss2","Cybb","Prr18","Pkmyt1","Esam","Mlf1ip"
NA,"Clu",NA,"A130090k04Rik","Robo3","Gjd2","Adcy2","Fyb1","Tppp3","Cntn1","Prnd","Hells"
NA,"Col11a1",NA,"Gabra1","Adam33","Gad1","Add3","C1qa","Mobp","Adam12","Cd93","Rfc2"
NA,"Creb5",NA,"Satb2","Col6a1","Ngf","Adk","Havcr2","Cryab","Ncald","Ca4","Rpa2"
NA,"Cryab",NA,"Gpr88","Boc","Gm1604b","Agl","Alox5","Nkx6-2","Cdo1","Tie1","Nasp"
NA,"Csda",NA,"Syt1","Scube1","Dlx5","Agpat3","Syk","Ermn","Sulf2","Ctla2a","Rad51ap1"
NA,"Ctgf",NA,"4930544g21Rik","Atp2b4","Mybpc1","Agpat5","Cx3cr1","Gpr37","Ccar2","Adgrf5","Gmnn"
NA,"Dach1",NA,"Paep","Nptx1","Zfp536","Ahcyl1","Slc2a5","Fa2h","Mmp15","Kdr","Wdr76"
NA,"Dbi",NA,"Myt1l","Fcgr1b","Rnaset2b","Aifm2","Dock8","S1pr5","Gpt2","Slc16a4","Slbp"
NA,"Ddah1",NA,"Slc17a6","Abi3bp","Snx8","Ak4","Selplg","4-sep","Sntg1","Ly6c1","Ccne2"
NA,"Ddit3",NA,"A930034l06Rik","Sv2b","Grin2d","Akt2","Susd3","Efhd1","Dll1","Ocln","Ubr7"
NA,"Dio2",NA,"A930009l07Rik","Ntng2","Rbms3","Aldh7a1","Igsf6","Terf1","Olfm2","Lsr","Pold3"
NA,"Dnajc1",NA,"Npas4","Serinc2","Sema4g","Aldoc","Hla-dma","Cldn11","Col1a2","Erg","Msh2"
NA,"Dock1",NA,"Calb1","Gpr26","Rpp25","Alpk1","Rnaset2","Apod","Xylt1","Cdh5","Atad2"
NA,"Dok5",NA,"Slc12a5","Il17ra","Map3k1","Amer2","Trem2","Trak2","Ntn1","Pglyrp1","Rad51"
NA,"Ednrb",NA,"Epha7","Slc17a7","Pcp4l1","Ampd3","Adora3","Lpar1","B3gat2","Tm4sf1","Rrm2"
NA,"Eepd1",NA,"Cpamd8","Klf10","Afap1","Amt","Arhgdib","Desi1","Fam89a","Nos3","Cdc45"
NA,"Etv1",NA,"Mef2c","C1ql3","Npy","Arhgef10l","Lilrb4","Tmem88b","Sorcs3","Foxq1","Cdc6"
NA,"Etv5",NA,"Sstr2","Pamr1","Maf","Aspg","Gpr34","Gamt","Kcnip3","Slc22a8","Exo1"
NA,"Fabp7",NA,"Tenm2","Vsig2","Ercc-00060","Atl2","Cd68","Tmem151a","Spon1","Wfdc1","Tipin"
NA,"Fam107a",NA,"Pcsk2","Rin1","Bcan","Atoh8","Itgb2","Cntn2","Caskin2","Robo4","Dscc1"
NA,"Fbn2",NA,"Snap25","Tmem121b","Gad2","B230209k01Rik","Hla-dmb","Nppc","Ascl1","Dll4","Blm"
NA,"Fbxo32",NA,"Scg2","Krt12","Gfpt2","B3glct","Hla-dpa1","Cmtm5","Mmp16","Cd40","Casp8ap2"
NA,"Fgfbp3",NA,"Pgm2l1","Psrc1","Fgf11","Baalc","Itgam","Gjc2","Sox6","Angpt2","Usp1"
NA,"Fhod3",NA,"Plcxd3","Stard8","Dynlt1b","Bmp7","Cd53","Cdc42ep2","Traf4","Stap2","Clspn"
NA,"Fkbp9",NA,"Dlx1","Pou6f2","Ift27","Bmpr1a","Adap2","Phlda3","Olig1","Niban1","Pola1"
NA,"Fos",NA,"Vsnl1","Csgalnact1","Ercc-00046","Bmpr1b","Tlr7","Qdpr","Ugdh","Flvcr2","Chaf1b"
NA,"Fut8",NA,"Syt4","Akap13","Nectin2","C030037d09Rik","Pycard","Josd2","Lmo1","Itm2a","Brip1"
NA,"Gabrb1",NA,"Nrg3","Ano3","Gpr176","Capn2","Myo1f","Tmem125","Tmem100","Fn1","E2f8"
NA,"Gfap",NA,"Scn2a","Arhgap21","Arl4c","Car5b","Lat2","Dbndd2","Epn2","C130074g19Rik","Hmgb2"
NA,"Gli3",NA,"Icam5","Icam5","Rnd2","Car8","Hpgds","Sh3gl3","Sdc3","Igfbp7","Cdk1"
NA,"Gng5",NA,"Kcnf1","Krt20","GRik1","Cbr3","Cyth4","Tprn","Pid1","Megf6","Nusap1"
NA,"Gpr126",NA,"Ai838057","Rtn4rl2","Cort","Cecr2","Rhbdf2","Tmeff2","Pcdhb5","Foxf2","Ube2c"
NA,"Gpx3",NA,"Ripk2","Rasgef1b","Kcnc1","Chi3l1","P2ry12","Aplp1","Lypd6","Stra6","Birc5"
NA,"Gulp1",NA,"Vgf","Itpka","Rcan3","Chrdl1","Cd86","Scd","Ifit2","Ly6a","Tpx2"
NA,"Hes1",NA,"Tmem130","Lhx2","Pde5a","Chst11","Ptafr","Mag","Lrrc4c","Pecam1","Top2a"
NA,"Hnmt",NA,"Camk4","Islr2","Rnf144b","Chst2",NA,"Slc48a1","Efs","Slc39a8","Ndc80"
NA,"Hopx",NA,"Asph","Tnfrsf19","Lbh","Chkb",NA,"Kif5a","St8sia1","Csrp2","Cks2"
NA,"Hs6st2",NA,"C030017b01Rik","Kcnk4","Gm15881","Cldn10",NA,"Slain1","Adam9","Egfl7","Nuf2"
NA,"Id4",NA,"Slc6a7","Satb2","Htra1","Clybl",NA,"Nkain1","Sorcs1","Hmgcs2","Cks1b"
NA,"Idi1",NA,"Olfr1344","Nrn1","Ubash3b","Cmbl",NA,"Gss","Olig2","Fcgr1b","Mki67"
NA,"Il6st",NA,"Ica1l","Neurod2","Zfp804a","Nat8",NA,"Nkain2","Nmnat2","8430408g22Rik","Tmpo"
NA,"Itm2c",NA,"Myo5b","Cdh18","Dpysl5","Cmya5",NA,"Lgi3","Tmem255a","Adamtsl2","Cenpf"
NA,"Kiaa1217",NA,"Nell1","Tafa1","Ank1","Cntfr",NA,"Plp1","Tacc2","2610019f03Rik","Tacc3"
NA,"Ldha",NA,"Nefm","Cfap65","Cd164l2","Col16a1",NA,"Fah","Scrg1","Ptprb","Fam64a"
NA,"Lect1",NA,"Nefl","Khdrbs2","Igsf3","Cry2",NA,"Efnb3","Spsb4","Egfl8","Smc4"
NA,"Lgals3",NA,"Ttr","Olfr539","Ebf4","Cspg5",NA,"Stmn4","Chst11","Arhgap29","Ccnb2"
NA,"Lgals3bp",NA,"6330527o06Rik","Neurod6","Adss1","Vsig2",NA,"S100b","Cspg5","Pltp","Ckap2l"
NA,"Lifr",NA,"Cdh8","Rgs14","Mtss1","Ctnnbip1",NA,"Adi1","Ppp1r14c","Slc16a1","Ckap2"
NA,"Lipg",NA,"Sv2b","Lingo1","Adra1a","Cyp2j9",NA,"Map6d1","Nkx2-2","Rasip1","Aurkb"
NA,"Loc100507206",NA,"Gap43","Rasal1","Gm13889","Cyp4f14",NA,"Endod1","C1orf21","Il2rg","Bub1"
NA,"Lrig3",NA,"Trhde","Mast3","Inpp5j","Cyp4v3",NA,"Gal3st1","Sox10","Rhoj","Kif11"
NA,"Lrrtm3",NA,"D11bwg0517e","Cobl","Bc030500","Cyp7b1",NA,"Fez1","Gria4","Kitlg","Anp32e"
NA,"Ltbp1",NA,"Camk2b","Zfp831","Rbp4","D030047h15Rik",NA,"Adap1","Nlgn3","Vwa1","Tubb4b"
NA,"Maff",NA,"Penk1","Spag5","Tcirg1","D630003m21Rik",NA,"Micall1","Rcan1","Cavin2","Gtse1"
NA,"Mgst3",NA,"Rgs4","Vmn2r85","Efemp2","D630033o11Rik",NA,"Rapgef4","Lrch4","Fzd6","Kif20b"
NA,"Mlc1",NA,"Lcp1","St6galnac3","Unc119","Dbx2",NA,"Mapk8ip1","Elfn2","Rflnb","Hjurp"
NA,"Mob3b",NA,"Cacna1b","Dkk3","Klf3","Dhrs4",NA,"Ugt8a","Itgav","Hspa12b","Cdca3"
NA,"Moxd1",NA,"Kcnc2","Pmpcb","Nrip2","Dhrs7",NA,"Hcn2","Kcnd2","Bcl6b","Hn1"
NA,"Mt3",NA,"Ttc9","Nol3","Ass1","Vps26c",NA,"Cers2","Pbk","Ppic","Cdc20"
NA,"Nampt",NA,"L1cam","Sema4a","Slc29a1","Dtna",NA,"Acot7","Ckap2l","Notum","Ttk"
NA,"Napepld",NA,"9130430l19Rik","Lrrc55","Pde9a","Dtx1",NA,"Tmbim1","Masp1","Cdc42ep3","Cdc25c"
NA,"Nckap5",NA,"Clstn2","Ildr2","Mcrip2","Dzip1l",NA,"Tbc1d9b","Klhl13","Slc35f2","Kif2c"
NA,"Nog",NA,"Napb","Ptk2b","Tspan2","E030003e18Rik",NA,"Agpat4","Adora1","N4bp3","Rangap1"
NA,"Nr4a1",NA,"Cyb561","Crhr1","Tsen34","Elmo2",NA,"Tspan2","Lypd1","Sox7","Ncapd2"
NA,"Nrg1",NA,"Cxadr","Rtn4r","Rab34","Elovl2",NA,"Dnajb2","Kctd15","Podxl","Dlgap5"
NA,"Palld",NA,"Hpca","Cacna2d1","Mrpl52","Epb4.1l5",NA,"Csrp1","Neto1","Col4a2","Cdca2"
NA,"Paqr8",NA,"Cnksr2","Dkkl1","Zbtb20","Ephx2",NA,"Acss2","Racgap1","Cavin1","Cdca8"
NA,"Pard3b",NA,"Unc13a","St6gal2","Tbkbp1","Exoc3l4",NA,"Gstp1","Adcy8","Apcdd1","Ect2"
NA,"Pax6",NA,"Meg3","Kctd4","Rasgrp2","Eya1",NA,"Abca2","Neto2","Bc028528","Kif23"
NA,"Pdgfd",NA,"C1qtnf4","Nr4a2","Endod1","Fabp7",NA,"Nr1i4","Cdca3","Lama4","Hmmr"
NA,"Phgdh",NA,"Cbln1","Tyro3","Erbin","Fam107a",NA,"Gas7","Zcchc24","Ctla2b","Aurka"
NA,"Plch1",NA,"Celf4","Grm2","Idh2","Fam161b",NA,"H2bc4","Lrrc4","Rgs5","Psrc1"
NA,"Pmp22",NA,"Rhov","Rbm24","Cerk","Fam181a",NA,"Ephb1","Mcm6","Acvrl1","Anln"
NA,"Pon2",NA,"Efna3","Ccdc88c","Ano4","Fam184a",NA,"Tubb3","Nuf2","Ecm1","Lbr"
NA,"Ppargc1a",NA,"Hs6st2","Kcnh5","Uchl3","Fam184b",NA,"Pacs2","Tpx2","Bsg","Ckap5"
NA,"Psat1",NA,"Grp","Bmp3","Kyat1","Gask1a",NA,"Rtkn","Znf462","Ankrd37","Cenpe"
NA,"Ptn",NA,"Sostdc1","Atp1a3",NA,"Prxl2a",NA,"Rab33a",NA,"Nid1","Ctcf"
NA,"Ptprz1",NA,"Stx1a","Lmo7",NA,"Farp1",NA,"Srcin1",NA,"Tfrc","Nek2"
NA,"Rab3gap2",NA,"Rbfox1","Vmn2r84",NA,"Fbrsl1",NA,"Slc25a1",NA,"Col4a1","G2e3"
NA,"Rgs16",NA,"Cd24","Ptprk",NA,"Fbxo2",NA,"Tlcd3a",NA,"St8sia4","Gas2l3"
NA,"Rhoj",NA,"Kcnq2","Tbr1",NA,"Fgfbp3",NA,"Arl2",NA,"Lamb1","Cbx5"
NA,"Sall1",NA,"Bcl11a","Ipcef1",NA,"Fhit",NA,"Enpp2",NA,"Palmd","Cenpa"
NA,"Sall3",NA,"Elavl2","Crym",NA,"Fmn2",NA,"Prkcz",NA,"Kank3",NA
NA,"Samd4a",NA,"Nptx1","Fhl2",NA,"Frem2",NA,"Tmem141",NA,"Efna1",NA
NA,"Sat1",NA,"Sst","Homer1",NA,"Frmpd1",NA,"Zdhhc9",NA,"Dok4",NA
NA,"Sel1l3",NA,"Copg2as2","R3hdm1",NA,"Fzd10",NA,NA,NA,NA,NA
NA,"Sema5a",NA,"Eno2","Rprml",NA,"Fzd8",NA,NA,NA,NA,NA
NA,"Sfrp1",NA,"3110047p20Rik","Egr3",NA,"Fzd9",NA,NA,NA,NA,NA
NA,"Shisa2",NA,"Caln1","Rasgef1c",NA,"Gabrg1",NA,NA,NA,NA,NA
NA,"Shroom3",NA,"2010300c02Rik","Bmp1",NA,"Galnt4",NA,NA,NA,NA,NA
NA,"Slc1a3",NA,"Sertad4","Npcd",NA,"Gfap",NA,NA,NA,NA,NA
NA,"Slc35f1",NA,"Kcnv1","Grhl1",NA,"Gldc",NA,NA,NA,NA,NA
NA,"Slco1c1",NA,"Celf6","Gm3985",NA,"Gli2",NA,NA,NA,NA,NA
NA,"Slitrk2",NA,"Atp1a3","Igfbp6",NA,"Grid1",NA,NA,NA,NA,NA
NA,"Sntg1",NA,"Ckmt1b","Rorb",NA,"Gm11696",NA,NA,NA,NA,NA
NA,"Soat1",NA,"D3bwg0562e","Synpo",NA,"Gm20751",NA,NA,NA,NA,NA
NA,"Sox2",NA,"Nap1l2","Gm9839",NA,"Gm266",NA,NA,NA,NA,NA
NA,"Sox9",NA,"6330417g04Rik","Ankrd33b",NA,"Gm2a",NA,NA,NA,NA,NA
NA,"Sparc",NA,"Doc2a","Inf2",NA,"Gpam",NA,NA,NA,NA,NA
NA,"Stom",NA,"Coro1a","Ppfibp1",NA,"Gpc2",NA,NA,NA,NA,NA
NA,"Stox1",NA,"Trhr","Vmn2r87",NA,"Gpc6",NA,NA,NA,NA,NA
NA,"Tbc1d1",NA,"Slc32a1","Baiap2",NA,"Gstm3",NA,NA,NA,NA,NA
NA,"Tcf7l2",NA,"Gng2","Sstr3",NA,"Gucy2ep",NA,NA,NA,NA,NA
NA,"Tfap2c",NA,"Syngr3","Ptn",NA,"Gyk",NA,NA,NA,NA,NA
NA,"Tfpi",NA,"Slc10a4","Dusp18",NA,"Gys1",NA,NA,NA,NA,NA
NA,"Tktl1",NA,"Ldb2","Car7",NA,"Hadhb",NA,NA,NA,NA,NA
NA,"Tle4",NA,"Aak1","Arpp21",NA,"Hdac8",NA,NA,NA,NA,NA
NA,"Tmem132b",NA,"Ryr2","Cacng3",NA,"Heph",NA,NA,NA,NA,NA
NA,"Tmem47",NA,"Slc7a8","Neurl1b",NA,"Hey1",NA,NA,NA,NA,NA
NA,"Tnc",NA,"Ntng2","Wwc1",NA,"Hif3a",NA,NA,NA,NA,NA
NA,"Tnfrsf19",NA,"Erc2","Drc1",NA,"H2bc14",NA,NA,NA,NA,NA
NA,"Tspan12",NA,"4930551e15Rik","Zdhhc23",NA,"Hsd11b1",NA,NA,NA,NA,NA
NA,"Ttyh1",NA,"Serpini1","Atp6ap1l",NA,"Hsdl2",NA,NA,NA,NA,NA
NA,"Veph1",NA,"Camkv","Inhba",NA,"Htra1",NA,NA,NA,NA,NA
NA,"Vim",NA,"Fxyd7","Pxdn",NA,"Igdcc4",NA,NA,NA,NA,NA
NA,"Zfp36l1",NA,"Cdk5r1","Grm3",NA,"Il33",NA,NA,NA,NA,NA
NA,NA,NA,"Sema3c","Evc2",NA,"Isoc2a",NA,NA,NA,NA,NA
NA,NA,NA,"B230310j22Rik","Fezf2",NA,"Ivd",NA,NA,NA,NA,NA
NA,NA,NA,"Bc026657","Anxa11",NA,"Kcng4",NA,NA,NA,NA,NA
NA,NA,NA,"Slc4a10","Epha4",NA,"Kifc5b",NA,NA,NA,NA,NA
NA,NA,NA,"Pnma2","Slc39a10",NA,"L2hgdh",NA,NA,NA,NA,NA
NA,NA,NA,"Zfp804a","Pdia5",NA,"Lgi4",NA,NA,NA,NA,NA
NA,NA,NA,"Nptxr","Mmp17",NA,"Lgr4",NA,NA,NA,NA,NA
NA,NA,NA,"Scn2b","Smad3",NA,"Lpcat3",NA,NA,NA,NA,NA
NA,NA,NA,"Trank1","Ybx2",NA,"Lrig1",NA,NA,NA,NA,NA
NA,NA,NA,"Ablim3","Itgb8",NA,"Lrp10",NA,NA,NA,NA,NA
NA,NA,NA,"1700021k10Rik","Afap1l1",NA,"Corin",NA,NA,NA,NA,NA
NA,NA,NA,"Gabpb2","Prex1",NA,"Carmil1",NA,NA,NA,NA,NA
NA,NA,NA,"Nrip3","Dpy19l1",NA,"Lrrc2",NA,NA,NA,NA,NA
NA,NA,NA,"Neurod1","Rnf39",NA,"Lrrc8a",NA,NA,NA,NA,NA
NA,NA,NA,"Tac1","Map3k5",NA,"Lsamp",NA,NA,NA,NA,NA
NA,NA,NA,"2310046a06Rik","Mov10",NA,"Luzp2",NA,NA,NA,NA,NA
NA,NA,NA,"Cntnap4","Trpc5",NA,"Lxn",NA,NA,NA,NA,NA
NA,NA,NA,"N28178","Herc6",NA,"Mapkapk3",NA,NA,NA,NA,NA
NA,NA,NA,"Gpr12","Vipr1",NA,"Marchf2",NA,NA,NA,NA,NA
NA,NA,NA,"Pacsin1","Tiam2",NA,"Mfap3l",NA,NA,NA,NA,NA
NA,NA,NA,"Bcl11b","Gm5415",NA,"Mmgt2",NA,NA,NA,NA,NA
NA,NA,NA,"Gad1","Tom1l1",NA,"Mpv17l2",NA,NA,NA,NA,NA
NA,NA,NA,"Sema3a","Podn",NA,"Muc1",NA,NA,NA,NA,NA
NA,NA,NA,"Ppfia2","Ier5",NA,"Nadk2",NA,NA,NA,NA,NA
NA,NA,NA,"Slc8a1","Tox",NA,"Naa80",NA,NA,NA,NA,NA
NA,NA,NA,"Gpr22","Rap2b",NA,"Nat8",NA,NA,NA,NA,NA
NA,NA,NA,"D10bwg1379e","Rgs6",NA,"Ncan",NA,NA,NA,NA,NA
NA,NA,NA,"Runx1t1","Fras1",NA,"Nckap5",NA,NA,NA,NA,NA
NA,NA,NA,"Gfra2","Nrg1",NA,"Nim1k",NA,NA,NA,NA,NA
NA,NA,NA,"Ptprk","Mapk4",NA,"Nphs1",NA,NA,NA,NA,NA
NA,NA,NA,"Atp2b3","Slc25a16",NA,"Ntsr2",NA,NA,NA,NA,NA
NA,NA,NA,"Rspo2","Btg3",NA,"Oat",NA,NA,NA,NA,NA
NA,NA,NA,"Rasgef1a","Egr2",NA,"Pag1",NA,NA,NA,NA,NA
NA,NA,NA,"Egr3","Extl1",NA,"Paqr7",NA,NA,NA,NA,NA
NA,NA,NA,"Aw551984","Ak5",NA,"Paqr8",NA,NA,NA,NA,NA
NA,NA,NA,"Cx3cl1","Pak5",NA,"Pcdhgc3",NA,NA,NA,NA,NA
NA,NA,NA,"Crmp1","Cpne5",NA,"Pced1b",NA,NA,NA,NA,NA
NA,NA,NA,"Scn1a","Siae",NA,"Pdgfrl",NA,NA,NA,NA,NA
NA,NA,NA,"Fbxo7","Kcnc4",NA,"Peli2",NA,NA,NA,NA,NA
NA,NA,NA,"Hpcal4","Cdkn1a",NA,"Pgm2",NA,NA,NA,NA,NA
NA,NA,NA,"Ai848149","Gm1987",NA,"Polr3h",NA,NA,NA,NA,NA
NA,NA,NA,"Celf5","Jph1",NA,"Ppp1r14b",NA,NA,NA,NA,NA
NA,NA,NA,"Cbln4",NA,NA,"Ppp1r3d",NA,NA,NA,NA,NA
NA,NA,NA,"Fabp3",NA,NA,"Ppp1r3g",NA,NA,NA,NA,NA
NA,NA,NA,"Pfkp",NA,NA,"Prdx6b",NA,NA,NA,NA,NA
NA,NA,NA,"Tbr1",NA,NA,"Prkd1",NA,NA,NA,NA,NA
NA,NA,NA,"Epha3",NA,NA,"Proca1",NA,NA,NA,NA,NA
NA,NA,NA,"Kalrn",NA,NA,"Hacd2",NA,NA,NA,NA,NA
NA,NA,NA,"Nrxn3",NA,NA,"Rab34",NA,NA,NA,NA,NA
NA,NA,NA,"Dync1i1",NA,NA,"Ranbp3l",NA,NA,NA,NA,NA
NA,NA,NA,"Gpr6",NA,NA,"Rasa2",NA,NA,NA,NA,NA
NA,NA,NA,"Syp",NA,NA,"Rb1",NA,NA,NA,NA,NA
NA,NA,NA,"Rasl10a",NA,NA,"Rbm20",NA,NA,NA,NA,NA
NA,NA,NA,"Ntf3",NA,NA,"Rcan2",NA,NA,NA,NA,NA
NA,NA,NA,"Olfm3",NA,NA,"Relt",NA,NA,NA,NA,NA
NA,NA,NA,"Bub1b-pak6",NA,NA,"Rgma",NA,NA,NA,NA,NA
NA,NA,NA,"Hecw1",NA,NA,"Rgs20",NA,NA,NA,NA,NA
NA,NA,NA,"Add2",NA,NA,"Rlbp1",NA,NA,NA,NA,NA
NA,NA,NA,"Prmt8",NA,NA,"Rnf180",NA,NA,NA,NA,NA
NA,NA,NA,"9330121k16Rik",NA,NA,"Rom1",NA,NA,NA,NA,NA
NA,NA,NA,"Adcy1",NA,NA,"Scara3",NA,NA,NA,NA,NA
NA,NA,NA,"Lmo3",NA,NA,"Sdsl",NA,NA,NA,NA,NA
NA,NA,NA,"4930505d03Rik",NA,NA,"Sesn3",NA,NA,NA,NA,NA
NA,NA,NA,"Slc6a17",NA,NA,"Skida1",NA,NA,NA,NA,NA
NA,NA,NA,"Syt16",NA,NA,"Slc12a9",NA,NA,NA,NA,NA
NA,NA,NA,"Unc5d",NA,NA,"Slc13a3",NA,NA,NA,NA,NA
NA,NA,NA,"Itpka",NA,NA,"Slc18b1",NA,NA,NA,NA,NA
NA,NA,NA,"Cdc42",NA,NA,"Slc1a4",NA,NA,NA,NA,NA
NA,NA,NA,"Spock1",NA,NA,"Slc25a20",NA,NA,NA,NA,NA
NA,NA,NA,"Rasgrf1",NA,NA,"Slc25a33",NA,NA,NA,NA,NA
NA,NA,NA,"Diras2",NA,NA,"Slc26a6",NA,NA,NA,NA,NA
NA,NA,NA,"Gja9-mycbp",NA,NA,"Slc27a1",NA,NA,NA,NA,NA
NA,NA,NA,"Kcns2",NA,NA,"Slc30a10",NA,NA,NA,NA,NA
NA,NA,NA,"Gabrb3",NA,NA,"Slc36a2",NA,NA,NA,NA,NA
NA,NA,NA,"Lmo7",NA,NA,"Slc46a1",NA,NA,NA,NA,NA
NA,NA,NA,"Pcdha4",NA,NA,"Slc6a11",NA,NA,NA,NA,NA
NA,NA,NA,"Lin7b",NA,NA,"Slc7a11",NA,NA,NA,NA,NA
NA,NA,NA,"Cpne4",NA,NA,"Slitrk2",NA,NA,NA,NA,NA
NA,NA,NA,"Enc1",NA,NA,"Snord42b",NA,NA,NA,NA,NA
NA,NA,NA,"Prkcc",NA,NA,"Snta1",NA,NA,NA,NA,NA
NA,NA,NA,"Eg636791",NA,NA,"Spire1",NA,NA,NA,NA,NA
NA,NA,NA,"Lgi2",NA,NA,"Spry2",NA,NA,NA,NA,NA
NA,NA,NA,"Sult4a1",NA,NA,"Spry4",NA,NA,NA,NA,NA
NA,NA,NA,"C130038g02Rik",NA,NA,"Src",NA,NA,NA,NA,NA
NA,NA,NA,"Kcnab1",NA,NA,"Stard6",NA,NA,NA,NA,NA
NA,NA,NA,"St8sia4",NA,NA,"Sycp2",NA,NA,NA,NA,NA
NA,NA,NA,"A830036e02Rik",NA,NA,"Tfcp2l1",NA,NA,NA,NA,NA
NA,NA,NA,"Syn2",NA,NA,"Thbs4",NA,NA,NA,NA,NA
NA,NA,NA,"Tcrb-v13",NA,NA,"Tm7sf2",NA,NA,NA,NA,NA
NA,NA,NA,"Mpped1",NA,NA,"Tmem129",NA,NA,NA,NA,NA
NA,NA,NA,"Bhlhe22",NA,NA,"Tlcd5",NA,NA,NA,NA,NA
NA,NA,NA,"Scn3b",NA,NA,"Tmem218",NA,NA,NA,NA,NA
NA,NA,NA,"Fgf9",NA,NA,"Tmie",NA,NA,NA,NA,NA
NA,NA,NA,"Snca",NA,NA,"Tp53rk",NA,NA,NA,NA,NA
NA,NA,NA,"Slc2a3",NA,NA,"Trps1",NA,NA,NA,NA,NA
NA,NA,NA,"C77370",NA,NA,"Ttyh1",NA,NA,NA,NA,NA
NA,NA,NA,"Reln",NA,NA,"Txndc5",NA,NA,NA,NA,NA
NA,NA,NA,"Pde10a",NA,NA,"Ubiad1",NA,NA,NA,NA,NA
NA,NA,NA,"Snrpn",NA,NA,"Ugp2",NA,NA,NA,NA,NA
NA,NA,NA,"Cckbr",NA,NA,"Usp43",NA,NA,NA,NA,NA
NA,NA,NA,"Prkar1b",NA,NA,"Usp51",NA,NA,NA,NA,NA
NA,NA,NA,"1810015a11Rik",NA,NA,"Utp14c",NA,NA,NA,NA,NA
NA,NA,NA,"9930013l23Rik",NA,NA,"Wasf3",NA,NA,NA,NA,NA
NA,NA,NA,"C030019i05Rik",NA,NA,"Xpr1",NA,NA,NA,NA,NA
NA,NA,NA,"Ramp3",NA,NA,"Zdhhc18",NA,NA,NA,NA,NA
NA,NA,NA,"Cacna2d3",NA,NA,"Znf219",NA,NA,NA,NA,NA
NA,NA,NA,"Nrgn",NA,NA,"Zfp687",NA,NA,NA,NA,NA
NA,NA,NA,"6330405h19",NA,NA,"Zmpste24",NA,NA,NA,NA,NA
NA,NA,NA,"Clstn3",NA,NA,"Znrf3",NA,NA,NA,NA,NA
NA,NA,NA,"Camta1",NA,NA,NA,NA,NA,NA,NA,NA
NA,NA,NA,"6-sep",NA,NA,NA,NA,NA,NA,NA,NA
NA,NA,NA,"Cdh9",NA,NA,NA,NA,NA,NA,NA,NA
NA,NA,NA,"Htr1b",NA,NA,NA,NA,NA,NA,NA,NA
NA,NA,NA,"Cxcl12",NA,NA,NA,NA,NA,NA,NA,NA
NA,NA,NA,"St8sia2",NA,NA,NA,NA,NA,NA,NA,NA
NA,NA,NA,"D130043k22Rik",NA,NA,NA,NA,NA,NA,NA,NA
NA,NA,NA,"Slc7a14",NA,NA,NA,NA,NA,NA,NA,NA
NA,NA,NA,"Grm7",NA,NA,NA,NA,NA,NA,NA,NA
NA,NA,NA,"Dpp10",NA,NA,NA,NA,NA,NA,NA,NA
NA,NA,NA,"Ccl27",NA,NA,NA,NA,NA,NA,NA,NA
NA,NA,NA,"Matk",NA,NA,NA,NA,NA,NA,NA,NA
NA,NA,NA,"Pcp4",NA,NA,NA,NA,NA,NA,NA,NA
NA,NA,NA,"Meg8",NA,NA,NA,NA,NA,NA,NA,NA
NA,NA,NA,"Caly",NA,NA,NA,NA,NA,NA,NA,NA
NA,NA,NA,"Au067824",NA,NA,NA,NA,NA,NA,NA,NA
NA,NA,NA,"3526401b18Rik",NA,NA,NA,NA,NA,NA,NA,NA
NA,NA,NA,"Slc6a15",NA,NA,NA,NA,NA,NA,NA,NA
NA,NA,NA,"Chgb",NA,NA,NA,NA,NA,NA,NA,NA
NA,NA,NA,"Aw060394",NA,NA,NA,NA,NA,NA,NA,NA
NA,NA,NA,"Ly6h",NA,NA,NA,NA,NA,NA,NA,NA
NA,NA,NA,"1500031i19Rik",NA,NA,NA,NA,NA,NA,NA,NA
NA,NA,NA,"Pcdha1",NA,NA,NA,NA,NA,NA,NA,NA
NA,NA,NA,"Nsg2",NA,NA,NA,NA,NA,NA,NA,NA
NA,NA,NA,"2310010m24Rik",NA,NA,NA,NA,NA,NA,NA,NA
NA,NA,NA,"Dgkg",NA,NA,NA,NA,NA,NA,NA,NA
NA,NA,NA,"Loc554327",NA,NA,NA,NA,NA,NA,NA,NA
NA,NA,NA,"Kcnq5",NA,NA,NA,NA,NA,NA,NA,NA
NA,NA,NA,"Scn3a",NA,NA,NA,NA,NA,NA,NA,NA
NA,NA,NA,"Hs3st6",NA,NA,NA,NA,NA,NA,NA,NA
NA,NA,NA,"Rnf165",NA,NA,NA,NA,NA,NA,NA,NA
NA,NA,NA,"Ache",NA,NA,NA,NA,NA,NA,NA,NA
NA,NA,NA,"Vstm2a",NA,NA,NA,NA,NA,NA,NA,NA
NA,NA,NA,"Kcnip4",NA,NA,NA,NA,NA,NA,NA,NA
NA,NA,NA,"Tubb3",NA,NA,NA,NA,NA,NA,NA,NA
NA,NA,NA,"1500016o10Rik",NA,NA,NA,NA,NA,NA,NA,NA
NA,NA,NA,"Kcna4",NA,NA,NA,NA,NA,NA,NA,NA
NA,NA,NA,"Tmod3",NA,NA,NA,NA,NA,NA,NA,NA
NA,NA,NA,"A830018l16Rik",NA,NA,NA,NA,NA,NA,NA,NA
NA,NA,NA,"Cplx1",NA,NA,NA,NA,NA,NA,NA,NA
NA,NA,NA,"Arpp21",NA,NA,NA,NA,NA,NA,NA,NA
NA,NA,NA,"Cers6",NA,NA,NA,NA,NA,NA,NA,NA
NA,NA,NA,"Rab15",NA,NA,NA,NA,NA,NA,NA,NA
NA,NA,NA,"3110006e14Rik",NA,NA,NA,NA,NA,NA,NA,NA
NA,NA,NA,"A830006f12Rik",NA,NA,NA,NA,NA,NA,NA,NA
NA,NA,NA,"Rab3c",NA,NA,NA,NA,NA,NA,NA,NA
NA,NA,NA,"Slco5a1",NA,NA,NA,NA,NA,NA,NA,NA
NA,NA,NA,"Pcdha11",NA,NA,NA,NA,NA,NA,NA,NA
NA,NA,NA,"Isl1",NA,NA,NA,NA,NA,NA,NA,NA
NA,NA,NA,"Adcy7",NA,NA,NA,NA,NA,NA,NA,NA
NA,NA,NA,"Col19a1",NA,NA,NA,NA,NA,NA,NA,NA
NA,NA,NA,"Actl6b",NA,NA,NA,NA,NA,NA,NA,NA
NA,NA,NA,"Elavl4",NA,NA,NA,NA,NA,NA,NA,NA
NA,NA,NA,"Neto1",NA,NA,NA,NA,NA,NA,NA,NA
NA,NA,NA,"Fmnl3",NA,NA,NA,NA,NA,NA,NA,NA
NA,NA,NA,"Ccbe1",NA,NA,NA,NA,NA,NA,NA,NA
NA,NA,NA,"Calb2",NA,NA,NA,NA,NA,NA,NA,NA
NA,NA,NA,"Fkbp1b",NA,NA,NA,NA,NA,NA,NA,NA
NA,NA,NA,"Grin1",NA,NA,NA,NA,NA,NA,NA,NA
NA,NA,NA,"Mctp1",NA,NA,NA,NA,NA,NA,NA,NA
NA,NA,NA,"B230209c24Rik",NA,NA,NA,NA,NA,NA,NA,NA
NA,NA,NA,"Ai593442",NA,NA,NA,NA,NA,NA,NA,NA
NA,NA,NA,"Ddn",NA,NA,NA,NA,NA,NA,NA,NA
NA,NA,NA,"Epb4.9",NA,NA,NA,NA,NA,NA,NA,NA
NA,NA,NA,"C730029a08Rik",NA,NA,NA,NA,NA,NA,NA,NA
NA,NA,NA,"Synpr",NA,NA,NA,NA,NA,NA,NA,NA
NA,NA,NA,"B230343j05Rik",NA,NA,NA,NA,NA,NA,NA,NA
NA,NA,NA,"Cyp4x1",NA,NA,NA,NA,NA,NA,NA,NA
NA,NA,NA,"Aw555464",NA,NA,NA,NA,NA,NA,NA,NA
NA,NA,NA,"Nprl3",NA,NA,NA,NA,NA,NA,NA,NA
NA,NA,NA,"Nxph2",NA,NA,NA,NA,NA,NA,NA,NA
NA,NA,NA,"Calca",NA,NA,NA,NA,NA,NA,NA,NA
NA,NA,NA,"Olfm1",NA,NA,NA,NA,NA,NA,NA,NA
NA,NA,NA,"Foxp1",NA,NA,NA,NA,NA,NA,NA,NA
NA,NA,NA,"Cdhr1",NA,NA,NA,NA,NA,NA,NA,NA
NA,NA,NA,"Tmsb10",NA,NA,NA,NA,NA,NA,NA,NA
NA,NA,NA,"Cdkl2",NA,NA,NA,NA,NA,NA,NA,NA
NA,NA,NA,"Rassf5",NA,NA,NA,NA,NA,NA,NA,NA
NA,NA,NA,"Grb10",NA,NA,NA,NA,NA,NA,NA,NA
